{"v":"5.5.7","meta":{"g":"LottieFiles AE 0.1.20","a":"","k":"","d":"","tc":""},"fr":60,"ip":0,"op":240,"w":1000,"h":1000,"nm":"namaste-no-hand-shake","ddd":0,"assets":[],"layers":[{"ddd":0,"ind":1,"ty":4,"nm":"left hand ","parent":3,"sr":1,"ks":{"o":{"a":0,"k":100,"ix":11},"r":{"a":1,"k":[{"i":{"x":[0.667],"y":[1]},"o":{"x":[0.333],"y":[0]},"t":0,"s":[-10]},{"i":{"x":[0.667],"y":[1]},"o":{"x":[0.167],"y":[0]},"t":30,"s":[0]},{"i":{"x":[0.248],"y":[1]},"o":{"x":[0.333],"y":[0]},"t":177,"s":[0]},{"t":226,"s":[-10]}],"ix":10},"p":{"a":0,"k":[-302.951,172.717,0],"ix":2},"a":{"a":0,"k":[62.837,436.717,0],"ix":1},"s":{"a":0,"k":[100,100,100],"ix":6}},"ao":0,"shapes":[{"ty":"gr","it":[{"ind":0,"ty":"sh","ix":1,"ks":{"a":0,"k":{"i":[[0,0],[0,0],[-10.863,0],[0,-13.245],[0,0]],"o":[[0,0],[2.801,-10.496],[13.244,0],[0,0],[0,0]],"v":[[-37.703,52.515],[-9.449,-52.777],[13.722,-70.575],[37.703,-46.594],[37.703,70.575]],"c":false},"ix":2},"nm":"Path 1","mn":"ADBE Vector Shape - Group","hd":false},{"ty":"st","c":{"a":0,"k":[0.090000002992,0.093999997307,0.097999999102,1],"ix":3},"o":{"a":0,"k":100,"ix":4},"w":{"a":0,"k":6,"ix":5},"lc":2,"lj":2,"bm":0,"nm":"Stroke 1","mn":"ADBE Vector Graphic - Stroke","hd":false},{"ty":"tr","p":{"a":0,"k":[324.298,226.426],"ix":2},"a":{"a":0,"k":[0,0],"ix":1},"s":{"a":0,"k":[100,100],"ix":3},"r":{"a":0,"k":0,"ix":6},"o":{"a":0,"k":100,"ix":7},"sk":{"a":0,"k":0,"ix":4},"sa":{"a":0,"k":0,"ix":5},"nm":"Transform"}],"nm":"Group 1","np":2,"cix":2,"bm":0,"ix":1,"mn":"ADBE Vector Group","hd":false},{"ty":"gr","it":[{"ind":0,"ty":"sh","ix":1,"ks":{"a":0,"k":{"i":[[13.245,0],[0,0],[4.451,-5.445],[0,-12.941],[0,0],[0,0],[0,0]],"o":[[0,0],[-7.375,0],[12.824,0.477],[0,0],[0,0],[0,0],[0,-13.244]],"v":[[-2.706,-70.575],[-2.706,-70.575],[-21.275,-61.757],[1.801,-37.798],[1.801,70.575],[21.275,70.575],[21.275,-46.594]],"c":true},"ix":2},"nm":"Path 1","mn":"ADBE Vector Shape - Group","hd":false},{"ty":"fl","c":{"a":0,"k":[1,0.651000019148,0.532999973671,1],"ix":4},"o":{"a":0,"k":100,"ix":5},"r":1,"bm":0,"nm":"Fill 1","mn":"ADBE Vector Graphic - Fill","hd":false},{"ty":"tr","p":{"a":0,"k":[340.725,226.425],"ix":2},"a":{"a":0,"k":[0,0],"ix":1},"s":{"a":0,"k":[100,100],"ix":3},"r":{"a":0,"k":0,"ix":6},"o":{"a":0,"k":100,"ix":7},"sk":{"a":0,"k":0,"ix":4},"sa":{"a":0,"k":0,"ix":5},"nm":"Transform"}],"nm":"Group 2","np":2,"cix":2,"bm":0,"ix":2,"mn":"ADBE Vector Group","hd":false},{"ty":"gr","it":[{"ind":0,"ty":"sh","ix":1,"ks":{"a":0,"k":{"i":[[-5.731,-17.291],[0,0],[0.3,-15.67],[0,0],[8.853,-3.845],[0,0],[0,0],[0,0]],"o":[[0,0],[4.93,14.877],[0,0],[-0.185,9.651],[0,0],[0,0],[0,0],[17.027,-6.474]],"v":[[80.886,-113.166],[103.946,-43.601],[110.942,2.553],[110.011,50.905],[95.176,73.055],[-57.798,139.482],[-111.242,-75.827],[39.137,-133.008]],"c":true},"ix":2},"nm":"Path 1","mn":"ADBE Vector Shape - Group","hd":false},{"ty":"st","c":{"a":0,"k":[0.090000002992,0.093999997307,0.097999999102,1],"ix":3},"o":{"a":0,"k":100,"ix":4},"w":{"a":0,"k":6,"ix":5},"lc":2,"lj":2,"bm":0,"nm":"Stroke 1","mn":"ADBE Vector Graphic - Stroke","hd":false},{"ty":"tr","p":{"a":0,"k":[126.241,422.953],"ix":2},"a":{"a":0,"k":[0,0],"ix":1},"s":{"a":0,"k":[100,100],"ix":3},"r":{"a":0,"k":0,"ix":6},"o":{"a":0,"k":100,"ix":7},"sk":{"a":0,"k":0,"ix":4},"sa":{"a":0,"k":0,"ix":5},"nm":"Transform"}],"nm":"Group 3","np":2,"cix":2,"bm":0,"ix":3,"mn":"ADBE Vector Group","hd":false},{"ty":"gr","it":[{"ind":0,"ty":"sh","ix":1,"ks":{"a":0,"k":{"i":[[4.932,14.877],[0,0],[11.215,1.953],[0,0],[0.301,-15.669],[0,0],[8.854,-3.844],[0,0],[0,0],[0,0],[-0.185,9.65],[0,0]],"o":[[0,0],[-3.853,-11.626],[0,0],[4.93,14.876],[0,0],[-0.186,9.65],[0,0],[0,0],[0,0],[8.853,-3.844],[0,0],[0.301,-15.67]],"v":[[82.299,-46.029],[59.238,-115.594],[34.32,-137.053],[53.606,-78.874],[60.601,-32.721],[59.674,15.632],[44.838,37.781],[-89.595,96.157],[-79.443,137.053],[73.529,70.626],[88.364,48.477],[89.294,0.124]],"c":true},"ix":2},"nm":"Path 1","mn":"ADBE Vector Shape - Group","hd":false},{"ty":"fl","c":{"a":0,"k":[1,0.757000014361,0.463000009574,1],"ix":4},"o":{"a":0,"k":100,"ix":5},"r":1,"bm":0,"nm":"Fill 1","mn":"ADBE Vector Graphic - Fill","hd":false},{"ty":"tr","p":{"a":0,"k":[147.888,425.382],"ix":2},"a":{"a":0,"k":[0,0],"ix":1},"s":{"a":0,"k":[100,100],"ix":3},"r":{"a":0,"k":0,"ix":6},"o":{"a":0,"k":100,"ix":7},"sk":{"a":0,"k":0,"ix":4},"sa":{"a":0,"k":0,"ix":5},"nm":"Transform"}],"nm":"Group 4","np":2,"cix":2,"bm":0,"ix":4,"mn":"ADBE Vector Group","hd":false},{"ty":"gr","it":[{"ind":0,"ty":"sh","ix":1,"ks":{"a":0,"k":{"i":[[-5.731,-17.291],[0,0],[0.3,-15.67],[0,0],[8.853,-3.845],[0,0],[0,0],[0,0]],"o":[[0,0],[4.93,14.877],[0,0],[-0.185,9.651],[0,0],[0,0],[0,0],[17.027,-6.474]],"v":[[80.886,-113.166],[103.946,-43.601],[110.942,2.553],[110.011,50.905],[95.176,73.055],[-57.798,139.482],[-111.242,-75.827],[39.137,-133.008]],"c":true},"ix":2},"nm":"Path 1","mn":"ADBE Vector Shape - Group","hd":false},{"ty":"fl","c":{"a":0,"k":[1,0.862999949736,0,1],"ix":4},"o":{"a":0,"k":100,"ix":5},"r":1,"bm":0,"nm":"Fill 1","mn":"ADBE Vector Graphic - Fill","hd":false},{"ty":"tr","p":{"a":0,"k":[126.241,422.953],"ix":2},"a":{"a":0,"k":[0,0],"ix":1},"s":{"a":0,"k":[100,100],"ix":3},"r":{"a":0,"k":0,"ix":6},"o":{"a":0,"k":100,"ix":7},"sk":{"a":0,"k":0,"ix":4},"sa":{"a":0,"k":0,"ix":5},"nm":"Transform"}],"nm":"Group 5","np":2,"cix":2,"bm":0,"ix":5,"mn":"ADBE Vector Group","hd":false},{"ty":"gr","it":[{"ind":0,"ty":"sh","ix":1,"ks":{"a":0,"k":{"i":[[3.893,-12.779],[0,0],[0,0],[0,0],[0,0],[-0.093,36.87],[0,0],[16.795,0]],"o":[[0,0],[0,0],[0,0],[0,0],[32.505,-17.403],[0,0],[0.042,-16.795],[-13.359,0]],"v":[[53.917,-218.487],[-21.532,20],[-113.355,82.791],[-98.969,240],[59.694,155.049],[112.618,66.932],[113.312,-209.567],[82.956,-240]],"c":true},"ix":2},"nm":"Path 1","mn":"ADBE Vector Shape - Group","hd":false},{"ty":"st","c":{"a":0,"k":[0.090000002992,0.093999997307,0.097999999102,1],"ix":3},"o":{"a":0,"k":100,"ix":4},"w":{"a":0,"k":6,"ix":5},"lc":2,"lj":2,"bm":0,"nm":"Stroke 1","mn":"ADBE Vector Graphic - Stroke","hd":false},{"ty":"tr","p":{"a":0,"k":[249.32,255],"ix":2},"a":{"a":0,"k":[0,0],"ix":1},"s":{"a":0,"k":[100,100],"ix":3},"r":{"a":0,"k":0,"ix":6},"o":{"a":0,"k":100,"ix":7},"sk":{"a":0,"k":0,"ix":4},"sa":{"a":0,"k":0,"ix":5},"nm":"Transform"}],"nm":"Group 6","np":2,"cix":2,"bm":0,"ix":6,"mn":"ADBE Vector Group","hd":false},{"ty":"gr","it":[{"ind":0,"ty":"sh","ix":1,"ks":{"a":0,"k":{"i":[[16.795,0],[5.319,-4.414],[0.042,-16.614],[0,0],[32.505,-17.403],[0,0],[0,0],[0,0],[-0.093,36.87],[0,0]],"o":[[-7.268,0],[16.543,0.291],[0,0],[-0.092,36.87],[0,0],[0,0],[0,0],[32.504,-17.403],[0,0],[0.043,-16.795]],"v":[[75.924,-240],[56.547,-232.986],[86.36,-202.567],[85.665,73.932],[32.742,162.049],[-106.321,236.506],[-106.002,240],[52.661,155.049],[105.586,66.932],[106.279,-209.567]],"c":true},"ix":2},"nm":"Path 1","mn":"ADBE Vector Shape - Group","hd":false},{"ty":"fl","c":{"a":0,"k":[1,0.651000019148,0.532999973671,1],"ix":4},"o":{"a":0,"k":100,"ix":5},"r":1,"bm":0,"nm":"Fill 1","mn":"ADBE Vector Graphic - Fill","hd":false},{"ty":"tr","p":{"a":0,"k":[256.353,255],"ix":2},"a":{"a":0,"k":[0,0],"ix":1},"s":{"a":0,"k":[100,100],"ix":3},"r":{"a":0,"k":0,"ix":6},"o":{"a":0,"k":100,"ix":7},"sk":{"a":0,"k":0,"ix":4},"sa":{"a":0,"k":0,"ix":5},"nm":"Transform"}],"nm":"Group 7","np":2,"cix":2,"bm":0,"ix":7,"mn":"ADBE Vector Group","hd":false},{"ty":"gr","it":[{"ind":0,"ty":"sh","ix":1,"ks":{"a":0,"k":{"i":[[3.893,-12.779],[0,0],[0,0],[0,0],[0,0],[-0.093,36.87],[0,0],[16.795,0]],"o":[[0,0],[0,0],[0,0],[0,0],[32.505,-17.403],[0,0],[0.042,-16.795],[-13.359,0]],"v":[[53.917,-218.487],[-21.532,20],[-113.355,82.791],[-98.969,240],[59.694,155.049],[112.618,66.932],[113.312,-209.567],[82.956,-240]],"c":true},"ix":2},"nm":"Path 1","mn":"ADBE Vector Shape - Group","hd":false},{"ty":"fl","c":{"a":0,"k":[1,0.757000014361,0.583999992819,1],"ix":4},"o":{"a":0,"k":100,"ix":5},"r":1,"bm":0,"nm":"Fill 1","mn":"ADBE Vector Graphic - Fill","hd":false},{"ty":"tr","p":{"a":0,"k":[249.32,255],"ix":2},"a":{"a":0,"k":[0,0],"ix":1},"s":{"a":0,"k":[100,100],"ix":3},"r":{"a":0,"k":0,"ix":6},"o":{"a":0,"k":100,"ix":7},"sk":{"a":0,"k":0,"ix":4},"sa":{"a":0,"k":0,"ix":5},"nm":"Transform"}],"nm":"Group 8","np":2,"cix":2,"bm":0,"ix":8,"mn":"ADBE Vector Group","hd":false}],"ip":0,"op":248,"st":0,"bm":0},{"ddd":0,"ind":2,"ty":4,"nm":"right hand ","parent":3,"sr":1,"ks":{"o":{"a":0,"k":100,"ix":11},"r":{"a":1,"k":[{"i":{"x":[0.667],"y":[1]},"o":{"x":[0.333],"y":[0]},"t":0,"s":[10]},{"i":{"x":[0.667],"y":[1]},"o":{"x":[0.167],"y":[0]},"t":30,"s":[0]},{"i":{"x":[0.248],"y":[1]},"o":{"x":[0.333],"y":[0]},"t":177,"s":[0]},{"t":226,"s":[10]}],"ix":10},"p":{"a":0,"k":[294.639,196.717,0],"ix":2},"a":{"a":0,"k":[312.837,460.717,0],"ix":1},"s":{"a":0,"k":[100,100,100],"ix":6}},"ao":0,"shapes":[{"ty":"gr","it":[{"ind":0,"ty":"sh","ix":1,"ks":{"a":0,"k":{"i":[[0,0],[0,0],[10.863,0],[0,-13.245],[0,0]],"o":[[0,0],[-2.801,-10.496],[-13.244,0],[0,0],[0,0]],"v":[[37.704,52.515],[9.449,-52.777],[-13.723,-70.575],[-37.704,-46.594],[-37.704,70.575]],"c":false},"ix":2},"nm":"Path 1","mn":"ADBE Vector Shape - Group","hd":false},{"ty":"st","c":{"a":0,"k":[0.090000002992,0.093999997307,0.097999999102,1],"ix":3},"o":{"a":0,"k":100,"ix":4},"w":{"a":0,"k":6,"ix":5},"lc":2,"lj":2,"bm":0,"nm":"Stroke 1","mn":"ADBE Vector Graphic - Stroke","hd":false},{"ty":"tr","p":{"a":0,"k":[53.377,226.426],"ix":2},"a":{"a":0,"k":[0,0],"ix":1},"s":{"a":0,"k":[100,100],"ix":3},"r":{"a":0,"k":0,"ix":6},"o":{"a":0,"k":100,"ix":7},"sk":{"a":0,"k":0,"ix":4},"sa":{"a":0,"k":0,"ix":5},"nm":"Transform"}],"nm":"Group 1","np":2,"cix":2,"bm":0,"ix":1,"mn":"ADBE Vector Group","hd":false},{"ty":"gr","it":[{"ind":0,"ty":"sh","ix":1,"ks":{"a":0,"k":{"i":[[-13.244,0],[0,0],[-4.451,-5.445],[0,-12.941],[0,0],[0,0],[0,0]],"o":[[0,0],[7.375,0],[-12.824,0.477],[0,0],[0,0],[0,0],[0,-13.244]],"v":[[2.706,-70.575],[2.706,-70.575],[21.275,-61.757],[-1.8,-37.798],[-1.8,70.575],[-21.275,70.575],[-21.275,-46.594]],"c":true},"ix":2},"nm":"Path 1","mn":"ADBE Vector Shape - Group","hd":false},{"ty":"fl","c":{"a":0,"k":[1,0.651000019148,0.532999973671,1],"ix":4},"o":{"a":0,"k":100,"ix":5},"r":1,"bm":0,"nm":"Fill 1","mn":"ADBE Vector Graphic - Fill","hd":false},{"ty":"tr","p":{"a":0,"k":[36.949,226.425],"ix":2},"a":{"a":0,"k":[0,0],"ix":1},"s":{"a":0,"k":[100,100],"ix":3},"r":{"a":0,"k":0,"ix":6},"o":{"a":0,"k":100,"ix":7},"sk":{"a":0,"k":0,"ix":4},"sa":{"a":0,"k":0,"ix":5},"nm":"Transform"}],"nm":"Group 2","np":2,"cix":2,"bm":0,"ix":2,"mn":"ADBE Vector Group","hd":false},{"ty":"gr","it":[{"ind":0,"ty":"sh","ix":1,"ks":{"a":0,"k":{"i":[[5.731,-17.291],[0,0],[-0.3,-15.67],[0,0],[-8.853,-3.845],[0,0],[0,0],[0,0]],"o":[[0,0],[-4.931,14.877],[0,0],[0.186,9.651],[0,0],[0,0],[0,0],[-17.026,-6.474]],"v":[[-80.886,-113.166],[-103.945,-43.601],[-110.941,2.553],[-110.012,50.905],[-95.177,73.055],[57.798,139.482],[111.241,-75.827],[-39.138,-133.008]],"c":true},"ix":2},"nm":"Path 1","mn":"ADBE Vector Shape - Group","hd":false},{"ty":"st","c":{"a":0,"k":[0.090000002992,0.093999997307,0.097999999102,1],"ix":3},"o":{"a":0,"k":100,"ix":4},"w":{"a":0,"k":6,"ix":5},"lc":2,"lj":2,"bm":0,"nm":"Stroke 1","mn":"ADBE Vector Graphic - Stroke","hd":false},{"ty":"tr","p":{"a":0,"k":[251.433,422.953],"ix":2},"a":{"a":0,"k":[0,0],"ix":1},"s":{"a":0,"k":[100,100],"ix":3},"r":{"a":0,"k":0,"ix":6},"o":{"a":0,"k":100,"ix":7},"sk":{"a":0,"k":0,"ix":4},"sa":{"a":0,"k":0,"ix":5},"nm":"Transform"}],"nm":"Group 3","np":2,"cix":2,"bm":0,"ix":3,"mn":"ADBE Vector Group","hd":false},{"ty":"gr","it":[{"ind":0,"ty":"sh","ix":1,"ks":{"a":0,"k":{"i":[[-4.931,14.877],[0,0],[-11.215,1.953],[0,0],[-0.301,-15.669],[0,0],[-8.853,-3.844],[0,0],[0,0],[0,0],[0.185,9.65],[0,0]],"o":[[0,0],[3.853,-11.626],[0,0],[-4.93,14.876],[0,0],[0.185,9.65],[0,0],[0,0],[0,0],[-8.853,-3.844],[0,0],[-0.302,-15.67]],"v":[[-82.298,-46.029],[-59.238,-115.594],[-34.321,-137.053],[-53.607,-78.874],[-60.602,-32.721],[-59.673,15.632],[-44.837,37.781],[89.596,96.157],[79.444,137.053],[-73.529,70.626],[-88.365,48.477],[-89.294,0.124]],"c":true},"ix":2},"nm":"Path 1","mn":"ADBE Vector Shape - Group","hd":false},{"ty":"fl","c":{"a":0,"k":[1,0.757000014361,0.463000009574,1],"ix":4},"o":{"a":0,"k":100,"ix":5},"r":1,"bm":0,"nm":"Fill 1","mn":"ADBE Vector Graphic - Fill","hd":false},{"ty":"tr","p":{"a":0,"k":[229.786,425.382],"ix":2},"a":{"a":0,"k":[0,0],"ix":1},"s":{"a":0,"k":[100,100],"ix":3},"r":{"a":0,"k":0,"ix":6},"o":{"a":0,"k":100,"ix":7},"sk":{"a":0,"k":0,"ix":4},"sa":{"a":0,"k":0,"ix":5},"nm":"Transform"}],"nm":"Group 4","np":2,"cix":2,"bm":0,"ix":4,"mn":"ADBE Vector Group","hd":false},{"ty":"gr","it":[{"ind":0,"ty":"sh","ix":1,"ks":{"a":0,"k":{"i":[[5.731,-17.291],[0,0],[-0.3,-15.67],[0,0],[-8.853,-3.845],[0,0],[0,0],[0,0]],"o":[[0,0],[-4.931,14.877],[0,0],[0.186,9.651],[0,0],[0,0],[0,0],[-17.026,-6.474]],"v":[[-80.886,-113.166],[-103.945,-43.601],[-110.941,2.553],[-110.012,50.905],[-95.177,73.055],[57.798,139.482],[111.241,-75.827],[-39.138,-133.008]],"c":true},"ix":2},"nm":"Path 1","mn":"ADBE Vector Shape - Group","hd":false},{"ty":"fl","c":{"a":0,"k":[1,0.862999949736,0,1],"ix":4},"o":{"a":0,"k":100,"ix":5},"r":1,"bm":0,"nm":"Fill 1","mn":"ADBE Vector Graphic - Fill","hd":false},{"ty":"tr","p":{"a":0,"k":[251.433,422.953],"ix":2},"a":{"a":0,"k":[0,0],"ix":1},"s":{"a":0,"k":[100,100],"ix":3},"r":{"a":0,"k":0,"ix":6},"o":{"a":0,"k":100,"ix":7},"sk":{"a":0,"k":0,"ix":4},"sa":{"a":0,"k":0,"ix":5},"nm":"Transform"}],"nm":"Group 5","np":2,"cix":2,"bm":0,"ix":5,"mn":"ADBE Vector Group","hd":false},{"ty":"gr","it":[{"ind":0,"ty":"sh","ix":1,"ks":{"a":0,"k":{"i":[[-3.892,-12.779],[0,0],[0,0],[0,0],[0,0],[0.092,36.87],[0,0],[-16.795,0]],"o":[[0,0],[0,0],[0,0],[0,0],[-32.505,-17.403],[0,0],[-0.042,-16.795],[13.359,0]],"v":[[-53.916,-218.487],[21.532,20],[113.355,82.791],[98.969,240],[-59.694,155.049],[-112.618,66.932],[-113.313,-209.567],[-82.957,-240]],"c":true},"ix":2},"nm":"Path 1","mn":"ADBE Vector Shape - Group","hd":false},{"ty":"st","c":{"a":0,"k":[0.090000002992,0.093999997307,0.097999999102,1],"ix":3},"o":{"a":0,"k":100,"ix":4},"w":{"a":0,"k":6,"ix":5},"lc":2,"lj":2,"bm":0,"nm":"Stroke 1","mn":"ADBE Vector Graphic - Stroke","hd":false},{"ty":"tr","p":{"a":0,"k":[128.354,255],"ix":2},"a":{"a":0,"k":[0,0],"ix":1},"s":{"a":0,"k":[100,100],"ix":3},"r":{"a":0,"k":0,"ix":6},"o":{"a":0,"k":100,"ix":7},"sk":{"a":0,"k":0,"ix":4},"sa":{"a":0,"k":0,"ix":5},"nm":"Transform"}],"nm":"Group 6","np":2,"cix":2,"bm":0,"ix":6,"mn":"ADBE Vector Group","hd":false},{"ty":"gr","it":[{"ind":0,"ty":"sh","ix":1,"ks":{"a":0,"k":{"i":[[-16.795,0],[-5.319,-4.414],[-0.041,-16.614],[0,0],[-32.505,-17.403],[0,0],[0,0],[0,0],[0.093,36.87],[0,0]],"o":[[7.268,0],[-16.543,0.291],[0,0],[0.093,36.87],[0,0],[0,0],[0,0],[-32.505,-17.403],[0,0],[-0.043,-16.795]],"v":[[-75.923,-240],[-56.547,-232.986],[-86.361,-202.567],[-85.665,73.932],[-32.742,162.049],[106.322,236.506],[106.002,240],[-52.66,155.049],[-105.586,66.932],[-106.279,-209.567]],"c":true},"ix":2},"nm":"Path 1","mn":"ADBE Vector Shape - Group","hd":false},{"ty":"fl","c":{"a":0,"k":[1,0.651000019148,0.532999973671,1],"ix":4},"o":{"a":0,"k":100,"ix":5},"r":1,"bm":0,"nm":"Fill 1","mn":"ADBE Vector Graphic - Fill","hd":false},{"ty":"tr","p":{"a":0,"k":[121.321,255],"ix":2},"a":{"a":0,"k":[0,0],"ix":1},"s":{"a":0,"k":[100,100],"ix":3},"r":{"a":0,"k":0,"ix":6},"o":{"a":0,"k":100,"ix":7},"sk":{"a":0,"k":0,"ix":4},"sa":{"a":0,"k":0,"ix":5},"nm":"Transform"}],"nm":"Group 7","np":2,"cix":2,"bm":0,"ix":7,"mn":"ADBE Vector Group","hd":false},{"ty":"gr","it":[{"ind":0,"ty":"sh","ix":1,"ks":{"a":0,"k":{"i":[[-3.892,-12.779],[0,0],[0,0],[0,0],[0,0],[0.092,36.87],[0,0],[-16.795,0]],"o":[[0,0],[0,0],[0,0],[0,0],[-32.505,-17.403],[0,0],[-0.042,-16.795],[13.359,0]],"v":[[-53.916,-218.487],[21.532,20],[113.355,82.791],[98.969,240],[-59.694,155.049],[-112.618,66.932],[-113.313,-209.567],[-82.957,-240]],"c":true},"ix":2},"nm":"Path 1","mn":"ADBE Vector Shape - Group","hd":false},{"ty":"fl","c":{"a":0,"k":[1,0.757000014361,0.583999992819,1],"ix":4},"o":{"a":0,"k":100,"ix":5},"r":1,"bm":0,"nm":"Fill 1","mn":"ADBE Vector Graphic - Fill","hd":false},{"ty":"tr","p":{"a":0,"k":[128.354,255],"ix":2},"a":{"a":0,"k":[0,0],"ix":1},"s":{"a":0,"k":[100,100],"ix":3},"r":{"a":0,"k":0,"ix":6},"o":{"a":0,"k":100,"ix":7},"sk":{"a":0,"k":0,"ix":4},"sa":{"a":0,"k":0,"ix":5},"nm":"Transform"}],"nm":"Group 8","np":2,"cix":2,"bm":0,"ix":8,"mn":"ADBE Vector Group","hd":false}],"ip":0,"op":248,"st":0,"bm":0},{"ddd":0,"ind":3,"ty":3,"nm":"Null 2","sr":1,"ks":{"o":{"a":0,"k":0,"ix":11},"r":{"a":0,"k":0,"ix":10},"p":{"a":1,"k":[{"i":{"x":0.667,"y":1},"o":{"x":0.333,"y":0},"t":0,"s":[500,500,0],"to":[0,3.333,0],"ti":[0,0,0]},{"i":{"x":0.667,"y":1},"o":{"x":0.333,"y":0},"t":60,"s":[500,520,0],"to":[0,0,0],"ti":[0,0,0]},{"i":{"x":0.667,"y":1},"o":{"x":0.333,"y":0},"t":120,"s":[500,500,0],"to":[0,0,0],"ti":[0,0,0]},{"i":{"x":0.667,"y":1},"o":{"x":0.333,"y":0},"t":180,"s":[500,520,0],"to":[0,0,0],"ti":[0,3.333,0]},{"t":240,"s":[500,500,0]}],"ix":2},"a":{"a":0,"k":[0,0,0],"ix":1},"s":{"a":0,"k":[100,100,100],"ix":6}},"ao":0,"ip":0,"op":248,"st":0,"bm":0},{"ddd":0,"ind":4,"ty":4,"nm":"shadow","sr":1,"ks":{"o":{"a":0,"k":100,"ix":11},"r":{"a":0,"k":0,"ix":10},"p":{"a":0,"k":[495.924,869.82,0],"ix":2},"a":{"a":0,"k":[258.595,45.447,0],"ix":1},"s":{"a":1,"k":[{"i":{"x":[0.667,0.667,0.667],"y":[1,1,1]},"o":{"x":[0.333,0.333,0.333],"y":[0,0,0]},"t":0,"s":[100,100,100]},{"i":{"x":[0.667,0.667,0.667],"y":[1,1,1]},"o":{"x":[0.333,0.333,0.333],"y":[0,0,0]},"t":60,"s":[110,110,100]},{"i":{"x":[0.667,0.667,0.667],"y":[1,1,1]},"o":{"x":[0.333,0.333,0.333],"y":[0,0,0]},"t":120,"s":[100,100,100]},{"i":{"x":[0.667,0.667,0.667],"y":[1,1,1]},"o":{"x":[0.333,0.333,0.333],"y":[0,0,0]},"t":180,"s":[110,110,100]},{"t":240,"s":[100,100,100]}],"ix":6}},"ao":0,"shapes":[{"ty":"gr","it":[{"ind":0,"ty":"sh","ix":1,"ks":{"a":0,"k":{"i":[[0,-24.962],[142.68,0],[0,24.962],[-142.68,0]],"o":[[0,24.962],[-142.68,0],[0,-24.962],[142.68,0]],"v":[[258.345,0],[0,45.197],[-258.345,0],[0,-45.197]],"c":true},"ix":2},"nm":"Path 1","mn":"ADBE Vector Shape - Group","hd":false},{"ty":"fl","c":{"a":0,"k":[0.894000004787,0.910000011968,0.925,1],"ix":4},"o":{"a":0,"k":100,"ix":5},"r":1,"bm":0,"nm":"Fill 1","mn":"ADBE Vector Graphic - Fill","hd":false},{"ty":"tr","p":{"a":0,"k":[258.595,45.447],"ix":2},"a":{"a":0,"k":[0,0],"ix":1},"s":{"a":0,"k":[100,100],"ix":3},"r":{"a":0,"k":0,"ix":6},"o":{"a":0,"k":100,"ix":7},"sk":{"a":0,"k":0,"ix":4},"sa":{"a":0,"k":0,"ix":5},"nm":"Transform"}],"nm":"Group 1","np":2,"cix":2,"bm":0,"ix":1,"mn":"ADBE Vector Group","hd":false}],"ip":0,"op":248,"st":0,"bm":0}],"markers":[]}